,Formula,eV
60,AcAlO3,0
58,AcBO3,0.792297946
435,AcCrO3,0
430,AcCuO3,0
429,AcFeO3,0
59,AcGaO3,0
66,AcMgO3,0.079125394
432,AcMnO3,0
65,AcNiO3,0
67,AcPdO3,0.006137824
69,AcScO3,0.024208861
68,AcSiO3,0.470082296
433,AcTiO3,0
73,AcVO3,0
47,AgAsO3,0
300,AgAsO3,0.027230941
393,AgAsO3,0.039310858
348,AgAuO3,0.436016295
403,AgAuO3,0.058022658
221,AgBiO3,0.04705924
394,AgBiO3,0.025329552
415,AgBO3,0.082991913
446,AgBO3,1.035293502
46,AgBrO3,0
45,AgClO3,0.06310919
223,AgClO3,0.008953113
390,AgClO3,0.001733053
408,AgClO3,0.018699822
351,AgCO3,0.000336473
48,AgGeO3,0.084305179
379,AgGeO3,0.110514123
413,AgGeO3,0.086137609
414,AgGeO3,0.090491178
148,AgIO3,0.010857695
222,AgIO3,0
424,AgIO3,0.027178189
286,AgNO3,0
326,AgNO3,0.001868097
332,AgNO3,0.004543829
422,AgNO3,0.030785983
44,AgPbO3,0.103925418
404,AgPdO3,0.458041644
181,AgPO3,0
391,AgPO3,0.045326058
406,AgRuO3,0.05600767
271,AgSbO3,0.007582714
279,AgSbO3,0
338,AgSbO3,0.059966301
436,AgSbO3,0.043859745
367,AgSnO3,0.089799539
299,AgTeO3,0.020078865
303,AgTeO3,0
312,AgTeO3,0.019716078
74,AlAgO3,0.333418376
168,AlAgO3,0.139881729
471,AlAgO3,1.632893526
478,AlAgO3,0.518591707
483,AlAgO3,0.278745364
491,AlAgO3,0.164013659
71,AlAuO3,0.538697418
218,AlBiO3,0.120592523
285,AlBiO3,0.052553169
392,AlBiO3,0.078057885
460,AlBiO3,0.864620094
472,AlBiO3,1.665498175
484,AlBiO3,0.517143224
489,AlBiO3,0.234563717
420,AlBO3,0.030434987
50,AlCoO3,0.045627271
164,AlCoO3,0.241868835
375,AlCoO3,0.082705435
410,AlCoO3,0.096364037
456,AlCoO3,1.298379723
458,AlCoO3,0.255072469
476,AlCoO3,0.194435029
486,AlCoO3,0.271538341
166,AlCrO3,0.34359409
461,AlCrO3,0.359816859
467,AlCrO3,0.171438324
473,AlCrO3,1.33549757
52,AlCuO3,0.109015929
167,AlCuO3,0.157858775
407,AlCuO3,0.076841492
470,AlCuO3,1.279493314
475,AlCuO3,0.169835219
480,AlCuO3,0.191661399
51,AlFeO3,0.020699279
169,AlFeO3,0.495552616
170,AlFeO3,0.220249268
172,AlFeO3,0.219799276
208,AlFeO3,0.02891244
402,AlFeO3,0.081578936
455,AlFeO3,1.390130036
459,AlFeO3,0.251347158
373,AlGaO3,0.107923339
388,AlGaO3,0.028800921
389,AlGaO3,0.02800687
43,AlInO3,0.063207119
72,AlInO3,0.467845397
356,AlInO3,0.034801765
63,AlIrO3,1.077022362
163,AlMoO3,0.446158137
451,AlMoO3,1.200562921
463,AlMoO3,0.766304413
477,AlMoO3,0.158921497
75,AlNiO3,0.789158348
453,AlNiO3,1.291925444
464,AlNiO3,0.337088319
466,AlNiO3,0.176447034
487,AlNiO3,0.324863506
70,AlPbO3,0.222260753
49,AlPdO3,0.116189634
401,AlPdO3,0.155606541
41,AlRhO3,0.038703294
64,AlSbO3,0.318557686
171,AlSbO3,0.061994262
468,AlSbO3,0.80112373
469,AlSbO3,1.31803041
485,AlSbO3,0.406187733
488,AlSbO3,0.339045781
62,AlSiO3,1.03490823
162,AlSnO3,0.430206776
452,AlSnO3,1.316537913
479,AlSnO3,0.658353393
493,AlSnO3,0.23595633
385,AlTlO3,0.075032694
42,AlVO3,0.026786966
61,AlVO3,0.711188482
161,AlVO3,0.152093385
371,AlVO3,0.087872437
382,AlVO3,0.088746579
454,AlVO3,1.211098004
462,AlVO3,0.321256815
165,AlWO3,0.553521529
474,AlWO3,1.160040984
481,AlWO3,0.742958262
498,AlWO3,0.291753706
363,AsAuO3,0.118743542
83,BaAlO3,0.163729439
87,BaAuO3,0.204436496
82,BaBeO3,0.507966634
157,BaBiO3,0.027747271
217,BaBiO3,0.001189819
219,BaBiO3,0.024745212
220,BaBiO3,0.002464749
278,BaBiO3,0.0244078
301,BaBiO3,0
328,BaBiO3,1.020035904
155,BaBO3,1.250547804
85,BaCaO3,0.337911088
92,BaCdO3,0.198168578
233,BaCeO3,0
235,BaCeO3,0.001336013
265,BaCeO3,0.002860823
315,BaCeO3,0.040480001
31,BaClO3,0.854955492
56,BaClO3,0.466101507
57,BaClO3,0.491964255
158,BaCO3,0.049637298
240,BaCO3,0.048643492
259,BaCO3,0.021844594
277,BaCO3,0.104494002
284,BaCO3,0
333,BaCO3,0.050085789
335,BaCO3,0.066906936
336,BaCO3,0.033760024
380,BaCO3,0.013234997
24,BaCoO3,0.1769086
184,BaCoO3,0
194,BaCrO3,0.080091167
272,BaCrO3,0.072283775
295,BaCrO3,0.07098422
25,BaCuO3,0.083582333
86,BaDyO3,0.090450263
91,BaErO3,0.074751946
94,BaEuO3,0.030514506
142,BaFeO3,0.126658226
186,BaFeO3,0
345,BaFeO3,0.457184272
2,BaGeO3,0.234014375
175,BaGeO3,0
337,BaGeO3,0.46621744
450,BaHfO3,0
88,BaInO3,0.071782117
159,BaInO3,0.098989922
253,BaIrO3,0.048349324
274,BaIrO3,0.018315635
314,BaIrO3,0.157198059
84,BaLiO3,0.291927069
8,BaMnO3,0.121437062
149,BaMnO3,0.007086708
183,BaMnO3,0.006784114
190,BaMnO3,0.007205881
193,BaMnO3,0
242,BaMnO3,0.017642836
296,BaMnO3,0.006760221
334,BaMnO3,0.007135716
377,BaMnO3,0.010314157
195,BaMoO3,0
357,BaNdO3,0.111264467
368,BaNdO3,0.173915307
35,BaNiO3,0.147803533
188,BaNiO3,0.00037895
192,BaNiO3,0
428,BaNpO3,0
417,BaOsO3,0.085713743
427,BaPaO3,0
202,BaPbO3,0.00045867
207,BaPbO3,0.002845897
209,BaPbO3,0.026334887
212,BaPbO3,0
313,BaPbO3,1.094182339
39,BaPdO3,0.016742425
216,BaPrO3,0.106349154
262,BaPrO3,0.186233675
341,BaPrO3,0.107926284
342,BaPrO3,0.113753094
90,BaPtO3,0.088466737
268,BaPuO3,0
346,BaPuO3,0.022846295
93,BaReO3,0.145367808
7,BaRhO3,0.11198497
384,BaRhO3,0.019299603
21,BaRuO3,0.069403379
244,BaRuO3,0.007038676
245,BaRuO3,0.024799352
319,BaRuO3,0
89,BaScO3,0.021343565
344,BaSeO3,0
1,BaSiO3,0.562072219
173,BaSiO3,0.294890394
179,BaSiO3,0.409080591
347,BaSiO3,0.021893654
398,BaSiO3,0.03922157
399,BaSiO3,0
40,BaSnO3,6.61E-05
232,BaSnO3,0
383,BaSO3,0.045342256
360,BaTaO3,0.035316173
199,BaTbO3,0.086258974
225,BaTbO3,0.122577414
226,BaTbO3,0.091114882
283,BaTbO3,0.087461286
318,BaTbO3,0.086474722
289,BaTcO3,0
275,BaTeO3,0
292,BaTeO3,0.009422222
139,BaThO3,0
419,BaThO3,0.083402811
26,BaTiO3,0.984901028
197,BaTiO3,1.818567792
230,BaTiO3,0.014401893
266,BaTiO3,0
267,BaTiO3,3.040110448
298,BaTiO3,0.003141472
320,BaTiO3,0.000413478
323,BaTiO3,0.007962324
324,BaTiO3,0.002897176
329,BaTiO3,0.736772464
447,BaTiO3,1.815725136
95,BaTlO3,0.11029163
96,BaTmO3,0.064957585
78,BAuO3,1.343024685
243,BaUO3,0.001633865
19,BaVO3,0.163709865
189,BaVO3,0.076557276
97,BaWO3,0.159911833
101,BaYbO3,0.284912228
100,BaZnO3,0.165379579
22,BaZrO3,0.00170497
246,BaZrO3,0
105,BeAgO3,0.647608737
103,BeAuO3,0.837967338
99,BeBiO3,0.485295293
107,BeBO3,1.635242194
106,BeCdO3,0.511175272
108,BeCuO3,0.830594435
445,BeGaO3,1.086462142
104,BeGeO3,1.322303843
102,BeHgO3,0.596085434
110,BeInO3,0.709984532
109,BeOsO3,1.301025057
119,BePbO3,0.624200132
113,BePdO3,0.826630082
115,BePtO3,1.077603258
117,BeReO3,1.372131567
111,BeSbO3,0.818106983
112,BeSiO3,1.243715849
114,BeVO3,1.022221203
440,BeZnO3,0.757251041
231,BiBO3,0
37,BiCO3,0.080220336
118,BiMoO3,0.351720165
116,BiPtO3,0.540117889
316,BiRhO3,0.062083406
79,BIrO3,1.66927024
364,BiSbO3,0.086333552
441,BOsO3,1.776674408
442,BPbO3,1.075690903
80,BPdO3,1.216424054
81,BPtO3,1.507472977
228,BrNO3,0
77,BSbO3,1.0137365
352,BSbO3,0.04742729
366,BSbO3,0.045982902
76,BTeO3,1.249185354
444,CaBeO3,0.32625654
38,CaBiO3,0.099839731
369,CaBiO3,0
437,CaBiO3,0.020737578
492,CaBiO3,0.017300095
32,CaBO3,0.098792888
141,CaBO3,0.100574965
443,CaBO3,0.895756097
372,CaCeO3,0.059195942
30,CaCO3,0.016154185
143,CaCO3,0.008583975
145,CaCO3,0.024393411
146,CaCO3,0.009221115
234,CaCO3,0.16993807
248,CaCO3,0
261,CaCO3,0.024280725
282,CaCO3,0.312189717
287,CaCO3,0.013583979
293,CaCO3,0.002014621
305,CaCO3,0.008072823
311,CaCO3,0.0073591
327,CaCO3,1.368846586
343,CaCO3,2.017767952
34,CaCoO3,0.158022158
465,CaCoO3,0.496200092
495,CaCoO3,0.06680028
204,CaCrO3,0.058931721
33,CaCuO3,0.159935302
0,CaFeO3,0.051334095
187,CaFeO3,0
16,CaGeO3,0.170908428
178,CaGeO3,0
288,CaGeO3,0.014665881
397,CaGeO3,0.029972911
400,CaGeO3,0.020866917
421,CaGeO3,0.107711104
11,CaHfO3,0.154373438
362,CaHfO3,0
128,CaHgO3,0.460739416
123,CaHoO3,0.432500225
125,CaInO3,0.352152927
10,CaIrO3,0.313667752
29,CaIrO3,0.331566258
201,CaIrO3,0.659773133
252,CaIrO3,0
290,CaIrO3,0.025922275
127,CaLaO3,0.582431131
120,CaMgO3,0.3040411
20,CaMnO3,0.119090067
137,CaMnO3,0.120732864
191,CaMnO3,0.03398315
185,CaMoO3,0.006912026
325,CaMoO3,0
482,CaMoO3,0.009948299
354,CaNiO3,0.052312294
497,CaNiO3,0.11913134
17,CaOsO3,0.253204956
154,CaOsO3,0.08742767
198,CaPbO3,0.000973206
374,CaPrO3,0.173109519
263,CaPtO3,0.010892217
4,CaRhO3,0.269316104
28,CaRhO3,0
54,CaRhO3,0.014674423
5,CaRuO3,0.161418487
206,CaRuO3,0
490,CaSbO3,0.120920737
494,CaSbO3,0.110863134
121,CaScO3,0.234957527
297,CaSeO3,0
355,CaSeO3,0.011814914
53,CaSiO3,0.244000977
177,CaSiO3,0.020314518
237,CaSiO3,0.244292675
238,CaSiO3,0.241840053
254,CaSiO3,0.244266
256,CaSiO3,0.023036439
257,CaSiO3,2.72E-05
264,CaSiO3,0.244268765
269,CaSiO3,0.24170761
308,CaSiO3,0.24139584
309,CaSiO3,0.020287565
317,CaSiO3,0
322,CaSiO3,0.244747967
330,CaSiO3,0.357080963
251,CaSnO3,0
258,CaSnO3,0.014160639
280,CaSnO3,1.435284018
418,CaSnO3,0.194954053
138,CaTcO3,0
448,CaTcO3,0.103156688
449,CaTcO3,0.027873584
160,CaTeO3,0.015596813
176,CaTeO3,0.012962545
229,CaTeO3,0.011521584
304,CaTeO3,0.013453089
307,CaTeO3,0
310,CaTeO3,0.013727374
150,CaTiO3,0.0126817
241,CaTiO3,0.018416231
249,CaTiO3,0
291,CaTiO3,0.010969208
321,CaTiO3,0.064213668
361,CaTiO3,0.028806086
122,CaTmO3,0.39291471
9,CaVO3,0.130855051
215,CaVO3,0.00226585
457,CaVO3,0
496,CaWO3,0.048702319
499,CaWO3,0.224840564
126,CaYO3,0.468735963
124,CaZnO3,0.229497751
260,CaZrO3,0
273,CaZrO3,0.19208637
396,CaZrO3,0.025264671
365,CdBiO3,0
129,CdBO3,1.019645847
147,CdCO3,0.567027308
255,CdCO3,0
281,CdCO3,3.211951861
331,CdCO3,2.89766337
350,CdCoO3,0.085635081
386,CdCoO3,0.036635089
387,CdCoO3,0.033758676
411,CdFeO3,0.077570318
18,CdGeO3,0.302212681
174,CdGeO3,0.118069817
227,CdGeO3,0.001367492
340,CdGeO3,0.102291941
378,CdGeO3,0.016985905
423,CdGeO3,0.021762601
3,CdIrO3,0.466712981
15,CdOsO3,0.358640493
339,CdPbO3,0
12,CdRhO3,0.429279753
6,CdRuO3,0.33633321
302,CdSeO3,0
438,CdSeO3,0.0098443
13,CdSiO3,0.374636357
306,CdSiO3,0
395,CdSiO3,0.026953701
14,CdSnO3,0.346236649
358,CdSnO3,0
425,CdSnO3,0.03029739
180,CdSO3,0.075783358
294,CdSO3,0.073090133
426,CdSO3,0.072952507
140,CdTcO3,0.117500074
224,CdTeO3,0
196,CeAlO3,0.002340473
239,CeAlO3,0.003793031
250,CeAlO3,0
270,CeAlO3,0.015864089
405,CeAlO3,0.000301608
27,CeAsO3,0.166700689
144,CeAsO3,0.155441402
130,CeBeO3,0.418723576
200,CeBO3,0.008087223
205,CeBO3,0
203,CeCrO3,0.191378562
416,CeCrO3,0.055133806
439,CeCuO3,0.407815757
370,CeFeO3,0.068752037
431,CeFeO3,0.338278305
23,CeGaO3,0.134490186
213,CeGaO3,0.875798229
236,CeGaO3,0.222936685
152,CeLuO3,0.067628403
133,CeMnO3,0.361659518
409,CeNiO3,0.092932901
434,CeNiO3,0.610322402
156,CePbO3,0.377239702
134,CePuO3,0.55848482
153,CeRhO3,0.16859813
247,CeSbO3,0.456721309
412,CeScO3,0.018966364
132,CeTaO3,0.322898047
359,CeTiO3,0.086592538
151,CeTmO3,0.077050875
182,CeVO3,0
214,CeVO3,0.229694359
349,CoAgO3,0.474044535
353,CoAgO3,0.083146635
131,CoAuO3,0.620249296
136,CoBiO3,0.117032921
276,CoBiO3,0.036424035
98,CoBO3,1.129107534
376,CoBO3,0.064611401
381,CoBO3,0.087378205
55,CoCO3,0.41733553
210,CoCO3,0
211,CoGeO3,0
135,CoMoO3,0.663443426
36,CoNiO3,0
550,CoPbO3,0.078363839
896,CoPbO3,0.167497301
928,CoPbO3,0.181471521
561,CoRhO3,0.803897202
556,CoSbO3,0.583409441
774,CoSeO3,0.026761613
850,CoSeO3,0
868,CoSiO3,0.018089258
557,CoSnO3,0.684646015
871,CoSnO3,0.076461831
915,CoSnO3,0.0355269
744,CoTeO3,0.045739338
997,CoTeO3,0.714032724
783,CrBiO3,0.021227099
818,CrBiO3,0.011976889
842,CrBiO3,0.008816565
748,CrBO3,0
559,CrCuO3,0.675159761
523,CrFeO3,0.024189957
722,CrFeO3,0.761229937
723,CrFeO3,0.38893166
724,CrFeO3,0.429569355
725,CrFeO3,0.391624333
726,CrFeO3,0.417120882
727,CrFeO3,0.383741162
728,CrFeO3,0.364008939
729,CrFeO3,0.366197971
560,CrGeO3,0.635944895
901,CrInO3,0.048166446
720,CrMoO3,0.416453339
770,CrPbO3,0.149072213
562,CrRhO3,0.948618867
558,CrTcO3,0.605549705
719,CrWO3,0.748938123
551,CsAsO3,0.098809447
568,CsAsO3,0.764810356
936,CsAsO3,0
668,CsAuO3,0.450310143
580,CsBaO3,0.471778173
988,CsBiO3,0.031436933
792,CsBrO3,0
991,CsCaO3,0.410618902
576,CsCdO3,0.415613646
881,CsClO3,0.038822366
911,CsClO3,0.035425269
941,CsClO3,0.032189763
669,CsEuO3,0.148561658
990,CsGdO3,0.20736744
989,CsGeO3,0.571728661
790,CsIO3,0
853,CsIO3,1.976984502
992,CsIrO3,0.211917319
993,CsKO3,0.670610388
572,CsLaO3,0.247634905
996,CsMgO3,0.465485096
571,CsMoO3,0.369705891
578,CsNaO3,0.801495297
531,CsNbO3,0.251843904
788,CsNbO3,0
575,CsNdO3,0.264106733
680,CsNO3,0.0221019
775,CsNO3,0.006010941
847,CsNO3,0
579,CsNpO3,0.090706581
570,CsOsO3,0.246473704
574,CsPaO3,0
667,CsPbO3,0.20130125
569,CsPdO3,0.234348235
709,CsPO3,0.008750185
710,CsPO3,0
573,CsPrO3,0.263017881
577,CsRbO3,0.619787439
581,CsRuO3,0.37626965
672,CsSbO3,0.32722699
588,CsSmO3,0.266899083
995,CsSnO3,0.263680289
514,CsSO3,0.187837622
846,CsSO3,0
582,CsSrO3,0.41776882
671,CsTaO3,0.253007516
670,CsTbO3,0.268761541
583,CsTeO3,0.30245094
587,CsThO3,0.132926203
584,CsTiO3,0.305151392
666,CsTlO3,0.324615689
951,CsUO3,0.032836949
805,CsVO3,0
673,CsYbO3,0.413269514
548,CuAsO3,0.070495942
937,CuAsO3,0.08204993
594,CuBiO3,0.165217753
592,CuBO3,1.146860405
530,CuCO3,0.126672999
549,CuCO3,0.084571968
787,CuCO3,0.159143197
910,CuCO3,0.128027066
913,CuCO3,0.133777098
914,CuCO3,0.105763685
687,CuGeO3,0.02831287
760,CuGeO3,0.041935669
829,CuGeO3,0.100445564
845,CuGeO3,0.031291663
593,CuHgO3,0.318811793
596,CuPbO3,0.248399679
595,CuPdO3,0.718219679
917,CuPO3,0.099367773
932,CuPO3,0.082118599
934,CuPO3,0.022163301
771,CuSeO3,0.034219781
776,CuSeO3,0.012764038
826,CuSeO3,0.027021891
843,CuSeO3,0.007615246
732,CuSiO3,0.097598886
834,CuSiO3,0.062526507
758,CuTeO3,0.065036508
802,CuTeO3,0.044251931
840,CuTeO3,0.036123236
888,DyAlO3,0.040796638
908,DyAlO3,0.012788191
994,DyAlO3,0.141645068
691,DyBiO3,1.153005967
527,DyBO3,0.028200228
721,DyBO3,0
874,DyBO3,0.060143966
766,DyCoO3,0.012384148
750,DyCrO3,0
563,DyCuO3,0.220858685
931,DyErO3,0.084514419
768,DyFeO3,0
898,DyGaO3,0.047954066
923,DyGaO3,0.025311474
918,DyHoO3,0.090126106
547,DyInO3,0.064222074
566,DyInO3,0.698713257
919,DyInO3,0.004663787
907,DyLuO3,0.075279419
765,DyMnO3,0.023075911
816,DyMnO3,0
747,DyNiO3,0
564,DyPaO3,0.994208507
565,DyRhO3,0.570654112
703,DyRhO3,0
694,DySbO3,1.03831978
797,DyScO3,0.028446847
925,DySeO3,0
599,DySnO3,0.849309566
942,DyTiO3,0.057938694
870,DyTmO3,0.088189676
778,DyVO3,0
921,DyYO3,0.096564985
598,ErAlO3,0.186029619
880,ErAlO3,0.085702263
906,ErAlO3,0.017959491
597,ErBeO3,0.379485976
885,ErBiO3,0.051248397
890,ErBiO3,0.030797916
525,ErBO3,0.062202726
678,ErBO3,0
912,ErBO3,0.093411216
849,ErCoO3,0.015700134
742,ErCrO3,0
600,ErCuO3,0.275601521
753,ErFeO3,0.002802436
602,ErGaO3,0.381973758
707,ErGaO3,0.050574518
708,ErGaO3,0.013924856
882,ErInO3,0.080260072
933,ErInO3,0.015731632
601,ErIrO3,0.829838487
939,ErLuO3,0.091661039
746,ErMnO3,0
749,ErMnO3,0.034539323
674,ErNiO3,0.001515166
739,ErNiO3,0
706,ErRhO3,0
705,ErScO3,0.041070527
603,ErTaO3,0.718053755
902,ErTiO3,0.059160911
607,ErTlO3,0.584836371
745,ErVO3,0
605,ErZnO3,0.45469936
520,EuAgO3,0.273962072
761,EuAlO3,0
967,EuAlO3,0.007833735
987,EuAsO3,0.142272652
619,EuAuO3,0.37498759
613,EuBeO3,0.259984734
718,EuBO3,0.027287584
763,EuBO3,0
827,EuCO3,0
518,EuCoO3,0.079942426
700,EuCoO3,0.012471371
675,EuCrO3,0
889,EuCrO3,0.078481486
516,EuCuO3,0.049926276
999,EuCuO3,0.082204048
567,EuErO3,0.470302636
500,EuFeO3,0.013492522
517,EuFeO3,0.041411011
806,EuFeO3,0
689,EuGaO3,0.054051082
699,EuGaO3,0.059593714
950,EuGeO3,0
876,EuHfO3,0
617,EuHgO3,0.431001083
524,EuHO3,0.238263483
611,EuInO3,0.371103218
702,EuInO3,0.081237685
704,EuInO3,0.015889901
622,EuIrO3,0.329280673
612,EuLuO3,0.403351479
958,EuMgO3,0.267246398
533,EuMnO3,0.045766573
755,EuMnO3,0
621,EuMoO3,0.090709341
522,EuNbO3,0
897,EuNbO3,0.026283504
756,EuNiO3,0
982,EuNiO3,0.036617395
712,EuNpO3,0
981,EuOsO3,0.221966037
614,EuPbO3,0.293788767
618,EuPdO3,0.163791062
978,EuPtO3,0.371539057
980,EuReO3,0.214778625
752,EuRhO3,0
953,EuRuO3,0.120706095
979,EuSbO3,0.211591648
772,EuScO3,0.043201711
892,EuSeO3,0
952,EuSiO3,0.251591478
947,EuSnO3,0.061125331
623,EuTcO3,0.019405787
526,EuTiO3,0
767,EuTiO3,0.016930205
616,EuTmO3,0.444103474
711,EuUO3,0.045897233
545,EuVO3,0
903,EuVO3,0.031201605
620,EuWO3,0.140958525
537,EuZrO3,0
546,EuZrO3,0.08252313
930,EuZrO3,0.091714926
609,FeAgO3,0.347914015
606,FeAsO3,0.791272069
515,FeBiO3,0.037027861
555,FeBiO3,3.417958749
779,FeBiO3,0.056959617
785,FeBiO3,0.020254703
819,FeBiO3,0.239207713
821,FeBiO3,0.181992988
823,FeBiO3,0.425395393
830,FeBiO3,0.238667066
856,FeBiO3,0.028253823
859,FeBiO3,0.427904209
743,FeBO3,0
945,FeBO3,0.092263293
737,FeCO3,0.073781247
769,FeGeO3,0
922,FeNiO3,0.080502164
963,FePbO3,0.179858484
615,FeRhO3,1.012277472
964,FeRhO3,1.051832872
685,FeSiO3,0.011923089
734,FeSiO3,0.014378057
762,FeSiO3,0.011743476
858,FeSiO3,0.018043134
541,FeSnO3,0
542,FeSnO3,0.062399211
692,FeSnO3,0.771578727
812,FeSO3,0.063270823
781,GaBiO3,0.225860469
838,GaBiO3,0.001980919
895,GaBiO3,0.049990521
521,GaBO3,0.002734141
589,GaBO3,1.406927282
590,GaFeO3,0.92451169
591,GaFeO3,0.955612842
857,GaFeO3,0.021014953
954,GaFeO3,0.021983736
585,GaGeO3,0.671599757
586,GaNiO3,1.042077022
604,GaSiO3,0.670586794
610,GaSnO3,0.57507069
608,GaTeO3,0.611029202
544,GdAlO3,0.085046632
811,GdAlO3,0.00829557
879,GdAsO3,0.049378223
624,GdBeO3,0.312380454
716,GdBO3,0
793,GdBO3,0.145580496
848,GdBO3,0.071296301
757,GdCoO3,0.178243582
538,GdCrO3,0.235270697
735,GdCrO3,0
625,GdCuO3,0.15702574
627,GdErO3,0.735185324
916,GdErO3,0.004995711
852,GdFeO3,0
736,GdGaO3,0.049004759
698,GdInO3,0
701,GdInO3,0.051276031
905,GdLuO3,0.055724817
809,GdMnO3,0.322411775
807,GdNiO3,0
629,GdRhO3,0.425966517
851,GdScO3,0.011673203
626,GdSiO3,0.60787144
628,GdThO3,0.787523808
808,GdTiO3,0.026218043
900,GdTmO3,0.06776115
813,GdVO3,0
635,GdZrO3,0.399649712
632,GeBiO3,0.39927577
965,GeBO3,1.322055617
510,GePbO3,0.217980089
825,GePbO3,0.013137116
828,GePbO3,0
631,GePdO3,0.624087347
638,GeTeO3,0.680642656
633,HfBeO3,0.766624045
637,HfBO3,1.33698589
508,HfCdO3,0.280297915
697,HfCdO3,0.014742756
875,HfCoO3,0.093956537
904,HfCrO3,0.090281634
877,HfFeO3,0.089519196
878,HfFeO3,0.056849257
505,HfHgO3,0.296361696
502,HfMgO3,0.58955044
886,HfMnO3,0.034400804
543,HfNiO3,0.14473154
639,HfNpO3,0.37119906
773,HfPbO3,0.040235366
777,HfPbO3,0.008471734
860,HfPbO3,0.012027094
899,HfPbO3,0.013783234
935,HfSnO3,0.069154058
634,HfThO3,0.672636598
501,HfZnO3,0.687200543
795,HgAsO3,0
940,HgBiO3,0.034575093
789,HgBrO3,0
796,HgClO3,0.023970349
509,HgGeO3,0.340203064
503,HgIrO3,0.404555165
682,HgNO3,0.219275454
815,HgNO3,0
504,HgOsO3,0.309168681
507,HgRhO3,0.410766954
506,HgRuO3,0.291356945
528,HgSeO3,0.00532904
835,HgSeO3,0
955,HgSeO3,0.002511856
791,HgTeO3,0.014614944
786,HIO3,0.037231269
832,HIO3,0.01822522
717,HNO3,0
803,HoAlO3,0.015694753
636,HoBeO3,0.365119347
539,HoBiO3,0.031481272
883,HoBiO3,0.049291047
929,HoBiO3,0.035464992
630,HoBO3,0.871240449
872,HoBO3,0
873,HoBO3,0.089607221
884,HoBO3,0.026844045
943,HoBO3,0.059311598
946,HoBO3,0.033344282
754,HoCoO3,0.01578647
909,HoCrO3,0
640,HoCuO3,0.250675356
644,HoErO3,0.910047872
926,HoErO3,0.093201033
751,HoFeO3,0
894,HoGaO3,0.049317646
924,HoGaO3,0.019312513
985,HoGeO3,0.681965552
920,HoInO3,0.010193135
938,HoInO3,0.072065479
927,HoLuO3,0.082399802
677,HoMnO3,0.31454225
741,HoMnO3,0
764,HoMnO3,0.028712111
738,HoNiO3,0
647,HoRhO3,0.600679756
695,HoRhO3,0
693,HoSbO3,1.075761129
798,HoScO3,0.036769564
646,HoSiO3,0.757384035
971,HoSnO3,0.868627386
893,HoTiO3,0.059647991
540,HoTmO3,0.095973765
740,HoVO3,0
512,IClO3,0.604369616
648,InAsO3,0.620312994
817,InBiO3,0.495174906
833,InBiO3,0.028765603
844,InBiO3,0.039480206
869,InBO3,0
891,InCoO3,0.104647166
715,InCuO3,0.042256481
976,InCuO3,0.507068223
759,InFeO3,0.032730888
944,InGaO3,0.002237335
554,INO3,0.378546417
887,INO3,0.038539179
645,InOsO3,0.466641634
643,InPtO3,0.765309548
534,InRhO3,0.073924369
688,InRhO3,0.040573461
696,InRhO3,0.33404023
642,InSbO3,0.455910485
641,InSiO3,0.562275213
977,KAgO3,0.319125712
650,KAlO3,0.265019838
651,KAsO3,0.422205645
676,KAsO3,0
679,KAsO3,0.007166876
654,KAuO3,0.353579498
961,KBaO3,0.555103502
960,KBeO3,0.622039133
794,KBiO3,0
864,KBiO3,0.030864946
948,KBiO3,0.009622776
984,KBiO3,0.096101227
780,KBrO3,0
986,KCaO3,0.423390457
663,KCdO3,0.378551609
782,KClO3,0.021245079
822,KClO3,0.033137943
831,KClO3,0.020673628
535,KCO3,0.011467455
536,KCO3,0
799,KCO3,0.085158036
656,KCoO3,0.255965463
519,KCrO3,0.390612039
658,KDyO3,0.249930201
966,KErO3,0.245473528
532,KFeO3,0.146919581
662,KGdO3,0.18125318
998,KHfO3,0.035650544
655,KHoO3,0.24512383
973,KInO3,0.280319156
529,KIO3,0.001070602
553,KIO3,0.007336359
686,KIO3,0
714,KIO3,0.004061806
784,KIO3,0.0133898
824,KIO3,0.003234308
841,KIO3,0.204260058
855,KIrO3,0
652,KLiO3,0.478898346
653,KLuO3,0.22068212
661,KMgO3,0.347772949
657,KMnO3,0.276944694
513,KMoO3,0.114452095
970,KNaO3,0.587716098
956,KNbO3,0
511,KNO3,0.010684176
801,KNO3,0.004618991
810,KNO3,0
861,KNO3,0.062199256
862,KNO3,0.00806538
865,KNO3,0.007464319
866,KNO3,0.000181913
957,KNO3,0.01078102
665,KNpO3,0
664,KOsO3,0.040375264
690,KPaO3,0
649,KPbO3,0.144003624
959,KPdO3,0.151376255
681,KPO3,0.008044715
713,KPO3,0.246772603
730,KPO3,0.012592889
804,KPO3,0
836,KPO3,0.004158654
837,KPO3,0.000944312
863,KPO3,1.531328394
974,KPtO3,0.124544783
949,KPuO3,0
659,KRbO3,0.746874072
962,KReO3,0.028342623
975,KRhO3,0.050198931
968,KRuO3,0.1079294
552,KSbO3,0.836195982
731,KSbO3,0.018395914
733,KSbO3,0.044818609
820,KSbO3,0
854,KSbO3,1.010042255
867,KSbO3,0.871479585
969,KScO3,0.192412257
683,KSiO3,0.148279112
684,KSiO3,0.146213755
972,KSiO3,0.467078962
814,KSO3,0.003390291
839,KSO3,0.0007259
660,KSrO3,0.491662162
800,KTaO3,0
983,KTbO3,0.263079648
1449,KTcO3,0
1089,KTeO3,0.082317147
1084,KTiO3,0.096465657
1399,KTiO3,0.088368621
1484,KTlO3,0.321632922
1092,KTmO3,0.232469189
1270,KUO3,0
1029,KVO3,0.216491928
1205,KVO3,0
1021,KWO3,0.088837182
1094,KYbO3,0.411488229
1090,KYO3,0.256401256
1091,KZnO3,0.349800454
1093,KZrO3,0.061926399
1025,LaAgO3,0.238554766
1410,LaAgO3,0.035488716
1043,LaAlO3,0.000602652
1044,LaAlO3,0.000887709
1255,LaAlO3,0
1286,LaAlO3,0.006743611
1358,LaAlO3,0.311592836
1413,LaAlO3,0.035042605
1416,LaAlO3,0.00030896
1426,LaAlO3,0.057031101
1427,LaAlO3,0.042728153
1436,LaAlO3,0.093199923
1437,LaAlO3,0.08062452
1438,LaAlO3,0.035659593
1039,LaAsO3,0
1252,LaAuO3,0
1480,LaBeO3,0.255411639
1379,LaBiO3,0.04032589
1411,LaBiO3,0.034711126
1360,LaBO3,0.007172964
1443,LaBO3,0
1456,LaCdO3,0.411439875
1086,LaCoO3,0.011031412
1088,LaCoO3,2.865153528
1101,LaCoO3,0
1208,LaCoO3,0.025794587
1283,LaCoO3,1.707802347
1318,LaCoO3,0.008615276
1320,LaCoO3,0.074556205
1206,LaCrO3,0.085190397
1215,LaCrO3,0
1221,LaCrO3,0.009011134
1026,LaCuO3,0.02697672
1263,LaCuO3,0
1393,LaDyO3,0.040265871
1366,LaErO3,0.027281194
1037,LaFeO3,0.012278057
1239,LaFeO3,0
1299,LaFeO3,0.101953722
1329,LaFeO3,0.266719156
1038,LaGaO3,0.038505228
1049,LaGaO3,0.09553277
1087,LaGaO3,0.037012671
1260,LaGaO3,0.037649905
1307,LaGaO3,0.036947155
1323,LaGaO3,0.031968679
1482,LaGaO3,1.446203152
1392,LaHoO3,0.033446344
1421,LaHoO3,0.080532538
1064,LaInO3,0.006070389
1045,LaIO3,0.105487709
1235,LaLuO3,0.010218143
1095,LaMgO3,0.205863889
1085,LaMnO3,0.040313262
1181,LaMnO3,0.040364241
1200,LaMnO3,0
1207,LaMnO3,0.077670157
1212,LaMnO3,0.010062322
1213,LaMnO3,0.01169011
1319,LaMnO3,0.294802326
1340,LaMnO3,0.299034651
1024,LaNiO3,0.033331876
1219,LaNiO3,0
1198,LaPdO3,0.000311797
1098,LaPtO3,0.419686496
1285,LaRhO3,0
1227,LaRuO3,0.047201889
1048,LaScO3,0.203704806
1258,LaScO3,0
1435,LaSmO3,0.066908045
1099,LaSnO3,0.532646469
1191,LaTaO3,0.328641981
1233,LaTiO3,0.025677359
1440,LaTiO3,0.068595901
1256,LaTlO3,0.15576044
1195,LaTmO3,0.02055027
1209,LaVO3,0.169789513
1220,LaVO3,0
1237,LaYbO3,0.114495126
1022,LaYO3,0.03867053
1096,LaZnO3,0.12609172
1097,LaZrO3,0.290438961
1105,LiAcO3,0.119659031
1111,LiAlO3,0.358167469
1315,LiAsO3,0.038036757
1447,LiAsO3,0
1481,LiBeO3,0.560361227
1253,LiBiO3,0
1106,LiBO3,0.951318601
1169,LiBrO3,0.235863525
1458,LiCaO3,0.335519747
1100,LiCdO3,0.524576609
1452,LiCeO3,0.465364831
1110,LiCrO3,0.44498193
1108,LiDyO3,0.403244506
1109,LiErO3,0.451106193
1113,LiEuO3,0.254322283
1112,LiFeO3,0.305202279
1362,LiFeO3,0.1383798
1365,LiFeO3,0.167539282
1395,LiFeO3,0.142692856
1402,LiFeO3,0.127451983
1404,LiFeO3,0.489352554
1118,LiGdO3,0.406839528
1107,LiGeO3,0.348541345
1455,LiHoO3,0.427519042
1042,LiIO3,0.863374024
1241,LiIO3,0.009537
1243,LiIO3,0.004401218
1247,LiIO3,0
1290,LiIO3,0.247499359
1302,LiIO3,0.148733284
1115,LiLaO3,0.211430708
1467,LiLuO3,0.527780308
1114,LiMgO3,0.566835531
1035,LiNbO3,0.013453105
1298,LiNbO3,0.026612864
1348,LiNbO3,0.003321128
1350,LiNbO3,0
1352,LiNbO3,0.001267087
1353,LiNbO3,0.108352797
1354,LiNbO3,0.004094665
1385,LiNbO3,0.039763413
1401,LiNbO3,0.029351823
1433,LiNbO3,0.022157285
1116,LiNdO3,0.250660927
1103,LiNiO3,0.458694851
1047,LiNO3,2.16858269
1357,LiNO3,1.193294912
1441,LiNO3,0
1032,LiOsO3,0.010382187
1034,LiOsO3,0
1104,LiPaO3,0
1117,LiPmO3,0.278261458
1175,LiPO3,0.000894863
1254,LiPO3,0
1308,LiPO3,0.000658175
1119,LiPrO3,0.225809069
1442,LiReO3,0.075045472
1122,LiRuO3,0.209935037
1281,LiSbO3,6.76E-05
1363,LiSbO3,0.088972351
1396,LiSbO3,0.038658892
1425,LiSbO3,0
1185,LiSeO3,0.207794169
1120,LiSiO3,0.318375976
1448,LiSmO3,0.298944256
1055,LiTaO3,0.113207015
1056,LiTaO3,0.254667182
1265,LiTaO3,0
1372,LiTaO3,0.088219185
1444,LiTcO3,0.0607276
1381,LiTeO3,0.061630862
1102,LiTmO3,0.479535985
1292,LiUO3,0.208666121
1439,LiUO3,0
1072,LiVO3,0.081901524
1222,LiVO3,0.020126461
1223,LiVO3,0
1368,LiVO3,0.110041566
1407,LiVO3,0.084181379
1121,LiYbO3,0.310278635
1465,LiYO3,0.405756718
1123,LuAlO3,0.25540651
1373,LuAlO3,0.082431956
1383,LuAlO3,0.061476017
1386,LuAlO3,0.021096596
1394,LuAlO3,0.098505933
1071,LuBiO3,0.027865628
1431,LuBiO3,0.05848492
1189,LuBO3,0.084246425
1390,LuBO3,0
1400,LuBO3,0.028659838
1297,LuCoO3,0.022393146
1384,LuCrO3,0
1161,LuFeO3,0
1238,LuFeO3,0.021743364
1124,LuGaO3,0.46633728
1382,LuGaO3,0.021008459
1389,LuGaO3,0.053937238
1415,LuGaO3,0
1127,LuGeO3,0.812228337
1203,LuMnO3,0
1232,LuMnO3,0.050207009
1058,LuNiO3,0.003072631
1216,LuNiO3,0.001257951
1126,LuNpO3,0.614664427
1125,LuPdO3,0.682326774
1128,LuReO3,0.989726096
1180,LuRhO3,0
1454,LuRhO3,0.721864552
1428,LuScO3,0.040147974
1434,LuScO3,0.063748009
1409,LuSeO3,0.038455005
1453,LuSiO3,0.876543001
1370,LuTiO3,0.06324581
1375,LuTlO3,0.083992484
1451,LuUO3,0.72125722
1387,LuVO3,0.005173329
1450,LuVO3,0.560623046
1134,MgAlO3,0.427240626
1132,MgBeO3,0.643861942
1135,MgBiO3,0.455029095
1491,MgBiO3,0.123084036
1133,MgBO3,1.011684328
1289,MgCO3,0
1294,MgCO3,0.380026567
1031,MgCoO3,0.537283869
1388,MgCoO3,0.089702803
1391,MgCoO3,0.079971657
1406,MgCoO3,0.050258679
1497,MgCrO3,0.119861689
1027,MgCuO3,0.51464322
1028,MgFeO3,0.46657917
1361,MgFeO3,0.118848071
1374,MgFeO3,0.055829714
1493,MgFeO3,0.091333817
1002,MgGeO3,0.512910458
1257,MgGeO3,0.156774615
1267,MgGeO3,0.019732276
1276,MgGeO3,0.000983685
1280,MgGeO3,0
1136,MgHgO3,0.504510112
1137,MgInO3,0.797385034
1001,MgIrO3,0.792450185
1422,MgMnO3,0.075634518
1423,MgMnO3,0
1468,MgMnO3,0.491782625
1138,MgMoO3,0.637420227
1490,MgMoO3,0.057367643
1005,MgOsO3,0.644345747
1469,MgPbO3,0.550759104
1139,MgReO3,0.642556666
1009,MgRhO3,0.722745245
1003,MgRuO3,0.631314616
1487,MgSbO3,0.197288106
1488,MgSbO3,0.156977787
1190,MgSeO3,0
1008,MgSiO3,0.465388231
1012,MgSiO3,0.011248905
1013,MgSiO3,0.009563654
1014,MgSiO3,0.016770629
1015,MgSiO3,0.01922316
1016,MgSiO3,0.008495867
1017,MgSiO3,0.009522511
1018,MgSiO3,0.008715123
1082,MgSiO3,1.685135818
1165,MgSiO3,0.019928293
1167,MgSiO3,0.01508103
1192,MgSiO3,0.459222183
1262,MgSiO3,0.005919179
1264,MgSiO3,0.215408621
1272,MgSiO3,0.018869336
1273,MgSiO3,0.259889
1282,MgSiO3,0.006772792
1287,MgSiO3,0.10086324
1300,MgSiO3,0.111890794
1306,MgSiO3,0.112923931
1310,MgSiO3,0.011085123
1322,MgSiO3,0.006124078
1325,MgSiO3,0.115193207
1327,MgSiO3,0.203950715
1328,MgSiO3,0.035543453
1334,MgSiO3,0.463835019
1335,MgSiO3,0.147079255
1336,MgSiO3,0.134350007
1337,MgSiO3,0.210353564
1339,MgSiO3,0.049036458
1345,MgSiO3,0.305412411
1346,MgSiO3,0.14241819
1429,MgSiO3,0.087109782
1000,MgSnO3,0.629154849
1070,MgSnO3,0.003230998
1419,MgSnO3,0.072616213
1417,MgSO3,0.04557789
1418,MgSO3,0.061533415
1420,MgSO3,0.036588742
1004,MgTiO3,0.454950391
1268,MgTiO3,0
1496,MgTiO3,0.082413394
1130,MgTlO3,0.568589867
1131,MgUO3,0.633678706
1007,MgVO3,0.54597695
1040,MgVO3,0.000616623
1250,MgVO3,0
1291,MgVO3,0.262191814
1492,MgVO3,0.092491089
1498,MgWO3,0.088027115
1499,MgWO3,0.403117425
1129,MgZnO3,0.696618353
1011,MgZrO3,0.668219339
1369,MnAgO3,0.066339657
1193,MnAlO3,0.178146125
1194,MnAlO3,0.270100806
1432,MnAlO3,0.05509274
1489,MnAlO3,1.297644902
1494,MnAlO3,0.149747562
1495,MnAlO3,0.271535149
1054,MnBiO3,0.02362932
1061,MnBiO3,0.027823238
1163,MnBiO3,0.024616246
1176,MnBiO3,0.031916002
1248,MnBiO3,0.02731086
1305,MnBiO3,0.09725023
1140,MnBO3,1.077188704
1249,MnBO3,0.220014364
1405,MnBO3,0.038554474
1006,MnCdO3,0.285820442
1295,MnClO3,0.441093484
1036,MnCO3,0.057307171
1073,MnCO3,1.049500058
1074,MnCO3,0.2753023
1204,MnCO3,0
1355,MnCO3,0.079606701
1229,MnCoO3,0.10594924
1069,MnCuO3,0.035210285
1349,MnFeO3,0
1398,MnFeO3,0.049856803
1068,MnGaO3,0.077701337
1059,MnGeO3,6.09E-05
1230,MnGeO3,0.021396091
1338,MnGeO3,0
1046,MnHgO3,0.286661007
1160,MnInO3,0.019234908
1162,MnInO3,0.020230777
1296,MnInO3,0.02256483
1218,MnNiO3,0
1062,MnPbO3,0.081085347
1266,MnPbO3,0.127587457
1284,MnPbO3,0.076341666
1184,MnPO3,0.322404128
1173,MnSeO3,0.00251068
1174,MnSeO3,0
1236,MnSeO3,0.022179628
1065,MnSiO3,0.012158418
1075,MnSiO3,0.292202405
1201,MnSiO3,0.012234916
1288,MnSiO3,0.078240823
1316,MnSiO3,0.003134634
1326,MnSiO3,0.003040265
1341,MnSiO3,0.305711586
1228,MnSnO3,0
1356,MnSnO3,0.022746879
1251,MnSO3,0.040376071
1317,MnSO3,0.042124091
1067,MnTeO3,0.038233777
1183,MnTeO3,0.229626392
1367,MnTlO3,0.063064417
1412,MnTlO3,0.030668872
1414,MnTlO3,0.127371411
1424,MnTlO3,0.051801934
1060,MnVO3,0.047752164
1010,MnZnO3,0.564027464
1371,MnZnO3,0.005448493
1430,MnZnO3,0.096986783
1188,MoHO3,0.089616981
1143,MoPbO3,0.08754434
1142,NaAgO3,0.391311074
1141,NaAlO3,0.210838354
1202,NaAsO3,0.002911201
1463,NaAsO3,0.308224149
1464,NaBeO3,0.446430365
1244,NaBiO3,0
1077,NaBrO3,0.713355896
1246,NaBrO3,0
1330,NaBrO3,0.523439846
1144,NaCaO3,0.529961463
1466,NaCdO3,0.458441833
1078,NaClO3,0.403563584
1083,NaClO3,0.690583143
1245,NaClO3,0.075854112
1304,NaClO3,0.041668811
1333,NaClO3,0.567329007
1344,NaClO3,0.52637117
1063,NaCO3,0
1157,NaCO3,0.014690197
1145,NaCoO3,0.171295748
1030,NaCrO3,0.292082801
1147,NaFeO3,0.139109996
1378,NaFeO3,0.063684213
1146,NaGeO3,0.230847394
1148,NaInO3,0.403034942
1242,NaIO3,0
1293,NaIO3,1.029219409
1313,NaIO3,0.133788665
1041,NaIrO3,0
1462,NaLiO3,0.448029046
1470,NaMgO3,0.356305341
1020,NaMoO3,0.098887595
1486,NaMoO3,0.099062814
1033,NaNbO3,0
1057,NaNbO3,0.023547812
1159,NaNbO3,0.016238888
1164,NaNbO3,0.021613652
1166,NaNbO3,0.022026111
1170,NaNbO3,0.024941587
1171,NaNbO3,0.039056046
1172,NaNbO3,0.029376677
1177,NaNbO3,0.021150455
1312,NaNbO3,0.013041668
1314,NaNbO3,0.03415941
1150,NaNiO3,0.265831765
1066,NaNO3,0.013517841
1187,NaNO3,0.01157846
1275,NaNO3,0
1347,NaNO3,0.009911556
1019,NaOsO3,0.01495416
1053,NaOsO3,0
1485,NaOsO3,0.001618635
1446,NaPaO3,0
1149,NaPbO3,0.305072044
1473,NaPdO3,0.220583814
1279,NaPO3,0.00752117
1301,NaPO3,0
1311,NaPO3,0.005002037
1342,NaPO3,0.029917151
1343,NaPO3,0.056469638
1445,NaPO3,0.001647607
1472,NaPuO3,0
1471,NaReO3,0.038669782
1474,NaRuO3,0.08066846
1224,NaSbO3,0.055453115
1234,NaSbO3,0.092434465
1274,NaSbO3,0
1364,NaSbO3,0.05174683
1403,NaSbO3,0.065676493
1081,NaSeO3,0.073788708
1168,NaSeO3,0.193572313
1151,NaSiO3,0.25327281
1475,NaSrO3,0.522703447
1269,NaTaO3,0
1271,NaTaO3,0.014466378
1277,NaTaO3,0.004639148
1278,NaTaO3,0.001413411
1351,NaTaO3,0.096266799
1377,NaTaO3,0.087054934
1478,NaTcO3,0
1476,NaTeO3,0.132844108
1477,NaTiO3,0.08792503
1321,NaUO3,0
1050,NaVO3,0.141535786
1052,NaVO3,0.042875192
1211,NaVO3,0
1303,NaVO3,0.00109148
1408,NaVO3,0.042470617
1217,NaWO3,0.053377483
1153,NaYbO3,0.510333851
1076,NaZnO3,0.329488662
1152,NaZnO3,0.398605344
1178,NbAgO3,0.065674026
1179,NbAgO3,0.077334404
1186,NbAgO3,0.08041591
1309,NbAgO3,0.099094482
1154,NbBiO3,0.443649491
1199,NbCuO3,0.044335432
1155,NbFeO3,0.525247844
1261,NbHO3,0.060946761
1331,NbHO3,0.075184305
1332,NbHO3,0.105926026
1051,NbTlO3,7.64E-05
1397,NbTlO3,0
1479,NbTlO3,0.090105969
1023,NClO3,1.40205751
1079,NClO3,0.104726078
1080,NClO3,0.720001296
1376,NClO3,0
1197,NdAlO3,0.027415338
1324,NdAlO3,0
1461,NdBeO3,0.260309368
1457,NdBiO3,0.827779214
1196,NdBO3,0
1359,NdBO3,0.007949883
1225,NdCoO3,0.166089131
1240,NdCoO3,0
1210,NdCrO3,0.143598944
1214,NdCrO3,0
1226,NdFeO3,0
1259,NdGaO3,0.033119451
1483,NdGaO3,1.466648412
1459,NdGeO3,0.454966882
1156,NdInO3,0.424803244
1380,NdInO3,0.014858875
1182,NdLuO3,0.022672967
1460,NdMgO3,0.269824506
1158,NdMnO3,0.000956759
1231,NdMnO3,0
1554,NdMnO3,3.939064593
1719,NdNiO3,0
1558,NdNpO3,1.077575316
1561,NdReO3,0.605959805
1769,NdRhO3,0
1657,NdSbO3,0.767700997
1741,NdScO3,0
1560,NdTaO3,0.435406899
1744,NdTiO3,0.0421273
1692,NdVO3,0.236375895
1780,NdVO3,0
1538,NdZrO3,0.200139105
1858,NdZrO3,0.085958237
1878,NdZrO3,0.200484171
1963,NiAsO3,1.10392247
1542,NiBiO3,0.01955394
1732,NiBiO3,0.042276038
1733,NiBiO3,0.029304927
1994,NiBiO3,0.214659345
1995,NiBiO3,0.016953414
1690,NiCO3,0
1966,NiMoO3,0.61075492
1520,NiPbO3,0
1915,NiPbO3,0.443910774
1564,NiPdO3,0.88389881
1556,NiPtO3,1.204493106
1964,NiRuO3,1.280488166
1557,NiSbO3,0.707499516
1707,NiSeO3,0.036003427
1804,NiSeO3,0
1839,NiSnO3,0.027939613
1667,NiTeO3,0.287778349
1555,NpAlO3,0.079268889
1914,NpBeO3,0.449524706
1965,NpBO3,0.876091253
1559,NpHgO3,0.150938782
1563,NpMoO3,0.871774148
1913,NpOsO3,0.988881494
1562,NpRuO3,0.795570845
1566,NpSiO3,0.631408804
1565,NpSnO3,0.840164497
1567,NpTaO3,0.410846672
1968,NpTcO3,0.698144312
1967,NpTiO3,0.19410859
1822,OsPbO3,0
1969,PaAgO3,0
1568,PaBeO3,0.45120503
1912,PaBO3,1.124459795
1570,PaCoO3,0.597302975
1569,PaHgO3,0
1573,PaOsO3,1.16423345
1571,PaSiO3,1.004222634
1572,PaTaO3,0.729397764
1893,PaTlO3,0
1990,PbAuO3,0.308844949
1541,PbCO3,0.002197607
1699,PbCO3,0
1712,PbSeO3,0
1817,PbSeO3,0.00297565
1710,PbSO3,0.057593876
1714,PbSO3,0.058693743
1782,PdSeO3,0
1783,PdSeO3,0.009633047
1576,PmBeO3,0.270445883
1577,PmErO3,0.635981871
1578,PmEuO3,0.639983481
1579,PmInO3,0.479176341
1580,PmMgO3,0.308563197
1992,PmRuO3,0.388609322
1582,PmWO3,0.561053352
1552,PNO3,0.677681279
1553,PNO3,0.710279603
1655,PNO3,0.847681578
1656,PNO3,1.472440763
1652,PPbO3,0.309646759
1754,PrAlO3,0
1889,PrAlO3,0.017970849
1583,PrBeO3,0.249045301
1962,PrBiO3,0.767899116
1890,PrBO3,0
1703,PrCoO3,0
1706,PrCoO3,0.146910665
1545,PrCrO3,0
1695,PrCrO3,0.116274878
1575,PrCuO3,0.025607716
1722,PrFeO3,0
1767,PrGaO3,0.02877846
1991,PrGaO3,1.474974014
1584,PrHfO3,0.223108287
1843,PrHfO3,0.134311623
1716,PrLuO3,0.012927375
1730,PrMnO3,0
1961,PrNbO3,0.252992357
1691,PrNiO3,0.003898185
1721,PrNiO3,0
1574,PrPbO3,0.581753314
1772,PrRhO3,0
1704,PrRuO3,0.077642183
1798,PrScO3,0
1829,PrTiO3,0.058698239
1840,PrTiO3,0.104798619
1831,PrTlO3,0.647924189
1511,PrVO3,0.207030685
1664,PrVO3,0
1958,PuBO3,0.786534299
1666,PuCrO3,0.102530053
1581,PuGaO3,0.273546233
1591,PuInO3,0.660561454
1960,PuIrO3,1.391244913
1590,PuMgO3,0.629433226
1645,PuNiO3,0.676761642
1592,PuPbO3,0.214119631
1959,PuPtO3,0.853649124
1593,PuSbO3,0.653390523
1594,PuTiO3,0.068181779
1665,PuVO3,0.046384858
1957,RbAcO3,0.170510984
1954,RbAgO3,0.34672914
1956,RbAlO3,0.369004458
1955,RbAsO3,0.193980373
1953,RbAuO3,0.386235405
1951,RbBaO3,0.512737893
1952,RbBeO3,0.760944892
1948,RbBiO3,0
1949,RbBO3,1.492800069
1737,RbBrO3,0
1947,RbCaO3,0.408514766
1946,RbCdO3,0.387770816
1731,RbClO3,0.034704512
1745,RbCO3,0.063740064
1515,RbCrO3,0.508825498
1944,RbCuO3,0.417890376
1950,RbDyO3,0.242879189
1943,RbErO3,0.236316623
1941,RbFeO3,0.22585215
1940,RbGdO3,0.167107948
1596,RbGeO3,0.417992257
1597,RbHgO3,0.349192326
1938,RbHoO3,0.241878104
1939,RbInO3,0.281033762
1734,RbIO3,0
1934,RbIrO3,0.043156564
1936,RbLiO3,0.525459743
1595,RbMgO3,0.391088772
1942,RbMnO3,0.374190445
1937,RbMoO3,0.216384008
1933,RbNaO3,0.578506205
1512,RbNbO3,0.058705066
1852,RbNbO3,0
1945,RbNiO3,0.395849486
1678,RbNO3,0.000558861
1759,RbNO3,0.009929949
1776,RbNO3,0
1808,RbNO3,0.025253855
1828,RbNO3,0.003454774
1935,RbNpO3,0.00722007
1509,RbOsO3,0.084151971
1996,RbOsO3,0
1659,RbPaO3,0
1932,RbPdO3,0.148178139
1551,RbPO3,1.195672294
1761,RbPO3,0.001618731
1785,RbPO3,0.049209081
1809,RbPO3,0
1896,RbPO3,0.004971276
1931,RbPtO3,0.148431575
1598,RbPuO3,0.014775601
1930,RbReO3,0.138286537
1600,RbRhO3,0.106941848
1929,RbRuO3,0.195142856
1927,RbSbO3,0.09638383
1522,RbSeO3,0.175057573
1928,RbSmO3,0.260211725
1599,RbSnO3,0.152280836
1752,RbSO3,0
1926,RbSrO3,0.440317563
1516,RbTaO3,0.056709061
1740,RbTaO3,0
1842,RbTaO3,0.053066729
1886,RbTaO3,0.000361733
1983,RbTbO3,0.250795341
1925,RbTeO3,0.146384098
1924,RbTlO3,0.31054554
1989,RbTmO3,0.231988015
1547,RbUO3,0
1517,RbVO3,0.356939843
1688,RbVO3,0
1921,RbWO3,0.180146855
1984,RbYbO3,0.404426124
1923,RbYO3,0.244162209
1922,RbZnO3,0.403486709
1919,ReBiO3,0.521879653
1920,ReClO3,0
1805,ReO3F,0
1918,ReSbO3,0.638315171
1917,ReTeO3,0.800426185
1916,RuPbO3,0.176954867
1735,SbAsO3,0
1601,SbAuO3,0.399672127
1815,SbHO3,0.028266683
1816,SbHO3,0.016081776
1603,SbPbO3,0.169144474
1602,SbPdO3,0.504441196
1911,SbTeO3,0.696283279
1884,ScAgO3,0.060359144
1765,ScAlO3,0.02812384
1910,ScAsO3,1.043681842
1535,ScBiO3,0.072861528
1786,ScBiO3,0.356759897
1793,ScBiO3,0.033755723
1796,ScBiO3,0.033928923
1830,ScBiO3,0.021361452
1856,ScBiO3,0.031237207
1895,ScBO3,0
1604,ScCoO3,0.58778699
1833,ScCoO3,0.093415141
1686,ScCrO3,0.032330784
1908,ScCuO3,0.566151179
1838,ScFeO3,0.058285785
1873,ScFeO3,0.068754037
1877,ScFeO3,0.043828066
1835,ScGaO3,0.017860278
1837,ScGaO3,0.076356389
1869,ScGaO3,0.004677095
1867,ScInO3,0.073902536
1544,ScMnO3,0.051840852
1685,ScMnO3,0.009129131
1909,ScPdO3,0.820167402
1648,ScRhO3,0.051319179
1654,ScRhO3,0.025082045
1605,ScSiO3,0.709155752
1988,ScSnO3,0.671798756
1534,ScTiO3,0.069589566
1832,ScTiO3,0.097622905
1826,ScTlO3,0.07864985
1861,ScVO3,0.050347338
1907,ScVO3,0.80480398
1607,SiAgO3,0.480609327
1905,SiBiO3,0.724645978
1904,SiBO3,1.914413588
1906,SiBO3,1.906148162
1871,SiGeO3,0.105985476
1503,SiHgO3,0.493391961
1606,SiMoO3,0.859190733
1715,SiPbO3,0
1970,SiPbO3,0.423991368
1971,SiPdO3,0.7107807
1883,SiSnO3,0.026084498
1972,SiSnO3,0.486557896
1513,SmAgO3,0.44016627
1608,SmAlO3,0.005256718
1825,SmAlO3,0
1973,SmBeO3,0.282333495
1864,SmBO3,0.060804846
1892,SmBO3,0
1700,SmCoO3,0.004807588
1729,SmCoO3,0.195105277
1543,SmCrO3,0
1693,SmCrO3,0.198473641
1518,SmCuO3,0.136628701
1876,SmCuO3,0
1879,SmCuO3,0.030750361
1860,SmDyO3,0.075041125
1836,SmErO3,0.059601413
1528,SmFeO3,0.222236319
1705,SmFeO3,0
1974,SmGaO3,0.210073182
1979,SmGeO3,0.509261552
1847,SmHoO3,0.066907495
1827,SmInO3,0.030604852
1533,SmLuO3,0.039663927
1514,SmMnO3,0.211879141
1720,SmMnO3,0
1529,SmNiO3,0.120542399
1727,SmNiO3,0
1986,SmPuO3,0.729642448
1746,SmRhO3,0
1662,SmSbO3,0.859163909
1742,SmScO3,0
1975,SmSiO3,0.659100367
1527,SmTiO3,0.196979266
1725,SmTiO3,0.049408036
1841,SmTlO3,0.073282235
1885,SmTmO3,0.051662331
1646,SmVO3,0
1711,SmVO3,0.299643172
1846,SmYO3,0.063438792
1880,SnBO3,0.090839173
1903,SnBO3,1.125159664
1536,SnGeO3,0.103613081
1609,SnGeO3,0.273597196
1870,SnGeO3,0
1500,SnHgO3,0.337234578
1676,SnHgO3,0.063697162
1539,SnPbO3,0.075824738
1773,SnPbO3,0.155159818
1980,SnPbO3,0.116001999
1526,SnPO3,0.309880422
1982,SrAgO3,0.100573397
1978,SrAlO3,0.047096312
1977,SrAsO3,0.245458245
1612,SrAuO3,0.263448916
1610,SrBeO3,0.365824056
1739,SrBiO3,0
1976,SrCaO3,0.456065516
1726,SrCeO3,0.008432651
1669,SrCO3,0.031938456
1748,SrCO3,0.036040148
1757,SrCO3,0.023778307
1758,SrCO3,0
1775,SrCoO3,0.066188058
1802,SrCoO3,0.080650547
1701,SrCrO3,0.093156795
1865,SrCrO3,0.057415877
1874,SrCrO3,0.069532451
1887,SrCrO3,0.064907516
1519,SrCuO3,0.007474384
1738,SrCuO3,0.038714472
1611,SrDyO3,0.240720182
1613,SrErO3,0.213093848
1530,SrEuO3,0.178375579
1778,SrFeO3,0
1504,SrGeO3,0.150678343
1681,SrGeO3,0
1790,SrGeO3,0.001940075
1795,SrGeO3,0.112684141
1674,SrHfO3,0.031507837
1675,SrHfO3,0.001341592
1750,SrHfO3,0
1756,SrHfO3,0.004721672
1768,SrHfO3,0.031561145
1771,SrHfO3,0.003087489
1787,SrHfO3,0.011460692
1898,SrHgO3,0.26755066
1899,SrHoO3,0.229294982
1900,SrInO3,0.188916449
1502,SrIrO3,0.147526719
1651,SrIrO3,0.002988187
1680,SrIrO3,0.01872916
1615,SrLiO3,0.271517019
1614,SrMgO3,0.210727124
1507,SrMnO3,0.048133026
1650,SrMnO3,0.01719376
1668,SrMnO3,0.008472407
1687,SrMnO3,0.008123205
1799,SrMnO3,0
1521,SrMoO3,0
1623,SrMoO3,0.030323442
1684,SrMoO3,0.072893687
1531,SrNdO3,0.348603941
1537,SrNiO3,0.047476288
1866,SrNiO3,0.043883498
1540,SrOsO3,0.072354468
1894,SrOsO3,0.101788946
1709,SrPbO3,0
1617,SrPdO3,0.062633355
1708,SrPrO3,0.149150601
1620,SrPtO3,0.148588346
1661,SrPuO3,0.08987318
1622,SrReO3,0.127493731
1506,SrRhO3,0.102370666
1658,SrRhO3,0.03048284
1660,SrRhO3,0.01765057
1663,SrRhO3,0.005433564
1524,SrRuO3,0.042000234
1548,SrRuO3,0.502368186
1649,SrRuO3,4.190669985
1724,SrRuO3,0
1728,SrRuO3,0.533844576
1753,SrRuO3,0.005485212
1762,SrRuO3,0.04403537
1766,SrRuO3,0.010475012
1806,SrRuO3,0.552770629
1619,SrSbO3,0.131473697
1618,SrScO3,0.084750649
1751,SrSeO3,0
1792,SrSeO3,0.000679999
1505,SrSiO3,0.324857144
1682,SrSiO3,0.019945857
1760,SrSiO3,0
1801,SrSiO3,0.036049735
1672,SrSnO3,0.005883133
1673,SrSnO3,0.011400256
1736,SrSnO3,0
1784,SrSnO3,0.047590028
1585,SrTaO3,0.059865344
1717,SrTbO3,0.117222551
1523,SrTcO3,0.002736311
1647,SrTcO3,7.48E-05
1671,SrTcO3,0
1549,SrTeO3,5.10E-05
1550,SrTeO3,0
1800,SrTeO3,0.001152465
1818,SrTeO3,0.000212624
1819,SrTeO3,0.033021622
1820,SrTeO3,8.81E-05
1901,SrTeO3,5.79E-05
1770,SrTiO3,0
1779,SrTiO3,0.000763883
1788,SrTiO3,0.000564141
1882,SrTiO3,0.039339369
1987,SrTlO3,0.236903617
1588,SrTmO3,0.19688176
1683,SrVO3,0.035754378
1589,SrWO3,0.195665491
1586,SrYbO3,0.395253438
1587,SrZnO3,0.155798031
1508,SrZrO3,0.019696311
1510,SrZrO3,0.048354937
1525,SrZrO3,0.005804199
1747,SrZrO3,0.054920909
1755,SrZrO3,0.008162529
1763,SrZrO3,0
1777,SrZrO3,0.01258701
1797,SrZrO3,0.05475767
1807,SrZrO3,2.530374469
1616,TaAgO3,0.034095675
1993,TaAgO3,0.020526139
1902,TaBeO3,1.006700913
1851,TaCuO3,0.022701225
1621,TaFeO3,0.511045443
1749,TaHO3,0.067352055
1624,TaInO3,0.169593991
1888,TaSnO3,0.322914649
1821,TaTlO3,0
1863,TaTlO3,0.002355513
1891,TaTlO3,0.107107613
1764,TbAlO3,0.008993924
1625,TbBeO3,0.328921858
1844,TbCO3,0.025093549
1697,TbCoO3,0.009351688
1855,TbCrO3,0
1626,TbCuO3,0.157505641
1627,TbErO3,0.826978412
1850,TbErO3,0.088669302
1698,TbFeO3,0
1532,TbGaO3,0.105860681
1859,TbGaO3,0.046798507
1857,TbGdO3,0.096505477
1985,TbGeO3,0.617972068
1848,TbHoO3,0.095679535
1872,TbInO3,0.056436212
1834,TbLuO3,0.066252138
1628,TbMgO3,0.444882928
1718,TbMnO3,0
1629,TbNiO3,0.311207179
1849,TbNiO3,0
1875,TbNiO3,0.042559502
1630,TbOsO3,0.728842411
1803,TbRhO3,0
1743,TbScO3,0.020829406
1631,TbSiO3,0.709765814
1854,TbSmO3,0.082833466
1632,TbTeO3,1.100985667
1868,TbTiO3,0.056581919
1862,TbTmO3,0.079894605
1633,TbVO3,0.54526911
1789,TbVO3,0
1794,TcO3F,0.019074337
1823,TcPbO3,0.062781799
1634,TcSnO3,0.330910112
1653,TeHO3,0
1810,TeHO3,0.026901038
1811,TeHO3,0.032959811
1812,TeHO3,0.026904481
1813,TeHO3,0.043223841
1814,TeHO3,0.033537214
1781,TePbO3,0
1791,TePbO3,0.002716114
1981,TePdO3,0.62198646
1636,ThBeO3,0.402862858
1635,ThBO3,1.189673125
1643,ThCuO3,0.525384649
1640,ThMoO3,0.917210264
1638,ThPdO3,0.937666281
1644,ThReO3,1.102048659
1637,ThSiO3,1.108192907
1639,ThWO3,1.148694359
1670,TiAlO3,0.238179066
1881,TiAlO3,0.06582911
1997,TiAlO3,0.992780441
1998,TiAlO3,0.25547304
1999,TiAlO3,0.26074033
1641,TiBeO3,1.030488102
1897,TiBO3,0.073194366
1501,TiCdO3,0.197465661
1677,TiCdO3,0
1679,TiCdO3,0.042053028
1713,TiCdO3,0.03937774
1723,TiCdO3,2.011227749
1774,TiCdO3,0.039072838
1696,TiCoO3,0
1845,TiCrO3,0.105497013
1853,TiCrO3,0.112525272
1546,TiCuO3,0.251963773
1642,TiCuO3,0.538507965
1689,TiFeO3,0.110643892
1694,TiFeO3,0.022655666
1702,TiFeO3,0.06314069
1824,TiFeO3,0.048311417
2128,TiFeO3,0
2256,TiGeO3,0.041306402
2001,TiHgO3,0.234697078
2237,TiHgO3,0.102608391
2121,TiMnO3,0
2126,TiMnO3,0.033573468
2162,TiMnO3,0.056192149
2191,TiMnO3,0.195364485
2116,TiNiO3,0
2154,TiNiO3,0.035762126
2185,TiNiO3,0.019123001
2188,TiNiO3,0.016947968
2189,TiNiO3,0.01892884
2260,TiNiO3,0.013897976
2130,TiPbO3,0.03983538
2133,TiPbO3,0
2014,TiSnO3,0.157699158
2202,TiSnO3,0
2047,TiTeO3,0.595048339
2105,TiVO3,0
2195,TiVO3,0.029340217
2220,TiVO3,0.004188311
2010,TiZnO3,0.536267095
2020,TiZnO3,0.054942206
2108,TiZnO3,0.028111062
2181,TiZnO3,0.09871609
2328,TiZnO3,0.103353431
2049,TlBO3,1.111208648
2146,TlBrO3,0.008281126
2145,TlClO3,0.023531187
2221,TlCoO3,0.090583427
2226,TlCoO3,0.117437987
2249,TlCoO3,0.105282061
2045,TlCuO3,0.309975344
2153,TlFeO3,0.06355344
2044,TlGaO3,0.430396651
2229,TlGaO3,0.068725017
2055,TlGeO3,0.32492526
2054,TlHgO3,0.591620298
2141,TlIO3,0
2158,TlIO3,0.242011718
2022,TlNiO3,0.452656205
2038,TlNiO3,0.063593139
2114,TlNiO3,0.063102173
2278,TlNiO3,0.292857983
2279,TlNiO3,0.249598495
2164,TlNO3,0.003912319
2172,TlNO3,0
2184,TlNO3,0.717006317
2142,TlPO3,0
2163,TlPO3,0.012342395
2147,TlSbO3,0.000993649
2165,TlSbO3,0
2168,TlSbO3,0.134270529
2053,TlSiO3,0.534680029
2068,TlTcO3,0.035471647
2137,TlVO3,0.006706277
2067,TlWO3,0.15572643
2028,TmAlO3,0.076319496
2224,TmAlO3,0.019112641
2275,TmBeO3,0.399664778
2203,TmBiO3,0.029877873
2214,TmBiO3,0.053464581
2112,TmBO3,0.318516884
2236,TmBO3,0.03043399
2169,TmCoO3,0.025889723
2064,TmCrO3,0.400297048
2255,TmCrO3,0
2134,TmFeO3,0.014158104
2166,TmFeO3,0
2029,TmGaO3,0.028622615
2205,TmGaO3,0.050727915
2244,TmGaO3,0.006695786
2069,TmGeO3,0.750969198
2027,TmInO3,0.086819521
2159,TmMnO3,0
2160,TmMnO3,0.040954834
2033,TmNiO3,0.002337825
2120,TmNiO3,0
2100,TmRhO3,0
2058,TmScO3,0.62891911
2099,TmScO3,0.049581222
2243,TmSeO3,0.022671573
2217,TmTiO3,0.062224468
2030,TmTlO3,0.08897698
2215,TmVO3,0
2274,UAlO3,0.191127646
2077,UBeO3,0.450779956
2082,UBO3,0.993276827
2074,UHgO3,0.24876548
2080,UIrO3,1.36996214
2070,UPdO3,0.44053363
2079,UReO3,1.069956007
2078,USiO3,0.800860224
2081,UTcO3,0.899386014
2072,UTiO3,0.326616092
2262,UTlO3,0
2035,VAgO3,0
2167,VAgO3,0.001590652
2174,VAgO3,0.011235705
2073,VBiO3,0.270536673
2225,VBiO3,0.010828584
2119,VBO3,0
2008,VCdO3,0.250033051
2139,VCdO3,0.056024408
2161,VCdO3,0
2075,VCoO3,0.540303044
2092,VCoO3,0.004213109
2031,VCrO3,0.004776163
2104,VCrO3,0.006743512
2196,VCrO3,0.005726471
2198,VCrO3,0.005282994
2216,VCrO3,0.006741334
2230,VCrO3,0.008550572
2250,VCrO3,0.007353584
2251,VCrO3,0.003636027
2252,VCrO3,0.00566967
2253,VCrO3,0.005535907
2254,VCrO3,0.005778341
2032,VCuO3,0.123031889
2151,VCuO3,0.062326527
2171,VCuO3,0.075460262
2219,VGaO3,0.093355253
2212,VGeO3,0.059524133
2013,VHgO3,0.312451454
2143,VHgO3,0
2037,VHO3,0.063283653
2175,VHO3,0.046914046
2176,VHO3,0.02282968
2177,VHO3,0.046972188
2178,VHO3,0.068032264
2179,VHO3,0.183682888
2180,VHO3,0.298123072
2270,VIrO3,1.227791875
2091,VNiO3,0.021535652
2036,VNO3,0.337210267
2076,VOsO3,1.054383145
2018,VPbO3,0.11986602
2131,VPbO3,0.027371884
2272,VPtO3,0.837260516
2206,VSiO3,0.031880842
2101,VSnO3,0.268148634
2023,VTeO3,0.599857865
2012,VZnO3,0.541357514
2308,VZnO3,0.079253352
2021,YAgO3,0.630003764
2290,YAgO3,0.077693266
2304,YAgO3,0.582602064
2315,YAgO3,0.00957195
2148,YAlO3,0.018669364
2223,YAlO3,0.045645581
2228,YAlO3,0.060194703
2258,YAlO3,0.102088622
2090,YbAlO3,0.000224242
2232,YbAlO3,0
2234,YbAlO3,0.124384003
2086,YbAuO3,0.273943058
2085,YbBeO3,0.237175018
2025,YbBiO3,0
2186,YbBiO3,0.055913807
2102,YbBO3,0.060158474
2109,YbBO3,0.140982598
2156,YbBO3,0
2097,YbCeO3,0.121935797
2213,YbCO3,0
2231,YbCO3,0.050236003
2187,YbCoO3,0
2063,YbCrO3,0.138223738
2096,YbCrO3,0
2060,YbCuO3,0.127192148
2071,YbEuO3,0.559213244
2129,YbFeO3,0
2059,YbGaO3,0.116434219
2095,YbGaO3,0.035994807
2263,YbGeO3,0
2257,YbHfO3,0
2061,YbInO3,0.383445818
2199,YBiO3,0.046960968
2241,YBiO3,0.032287995
2288,YBiO3,1.102367439
2305,YBiO3,0.16469173
2309,YBiO3,0.154162948
2316,YBiO3,0.119026638
2271,YbMgO3,0.310718534
2125,YbMnO3,0.201844708
2138,YbMnO3,0
2065,YbNbO3,0.019661492
2066,YbNiO3,0.081524508
2124,YbNiO3,0
2144,YBO3,0
2235,YBO3,0.085418333
2062,YbPdO3,0.187531434
2094,YbPrO3,0.122623602
2043,YbPtO3,0.292504048
2057,YbPuO3,0.41090683
2056,YbReO3,0.142474139
2093,YbRhO3,0
2048,YbScO3,0.268219756
2051,YbSiO3,0
2192,YbSmO3,0.129060399
2050,YbSnO3,0.125551784
2042,YbTaO3,0.025368507
2052,YbTcO3,0.074035583
2194,YbTiO3,0.051479851
2200,YbTiO3,0
2261,YbTiO3,0.096808506
2268,YbTmO3,0.477355392
2190,YbVO3,0
2046,YbWO3,0.219797283
2083,YbZnO3,0.211888185
2140,YCoO3,0.020824279
2286,YCoO3,0.248344606
2320,YCoO3,0.136186664
2322,YCoO3,0.048871399
2115,YCrO3,0
2117,YCrO3,0.302066319
2319,YCrO3,0.2023756
2323,YCrO3,0.157603986
2284,YCuO3,0.21889974
2291,YCuO3,0.019953451
2314,YCuO3,0.010827304
2210,YErO3,0.097154361
2136,YFeO3,0
2283,YFeO3,0.328590644
2317,YFeO3,0.022253334
2321,YFeO3,0.002615653
2113,YGaO3,0.027159736
2246,YHoO3,0.088900671
2152,YInO3,0.00463956
2026,YLuO3,0.07545188
2201,YLuO3,0.072834567
2122,YMnO3,0.020802172
2127,YMnO3,0
2135,YMnO3,0.023481195
2280,YMnO3,0.322850869
2294,YMoO3,0
2302,YMoO3,0.575037185
2318,YMoO3,0.198351576
2324,YMoO3,0.150233747
2123,YNiO3,0
2296,YNiO3,0.231256983
2301,YNiO3,0.202431156
2327,YNiO3,0.06762076
2276,YOsO3,0.734172133
2098,YRhO3,0
2281,YSbO3,0.998068905
2298,YSbO3,0.311972129
2300,YSbO3,0.25535757
2312,YSbO3,0.238605123
2211,YScO3,0.027909851
2245,YScO3,0.030602361
2247,YScO3,0.019656814
2248,YSeO3,0
2084,YSiO3,0.729912685
2292,YSnO3,0.190348171
2303,YSnO3,0.809265366
2306,YSnO3,0.200491176
2313,YSnO3,0.178513643
2149,YTiO3,0.060042093
2282,YTiO3,0.302619882
2293,YTiO3,0.077729754
2311,YTiO3,0.055099694
2197,YTmO3,0.088225527
2240,YTmO3,0.002798657
2242,YTmO3,0.076042105
2118,YVO3,0
2285,YVO3,0.353112257
2289,YVO3,0.153924722
2325,YVO3,0.08258249
2297,YWO3,0.811888291
2299,YWO3,0.227894097
2310,YWO3,0.41342578
2326,YWO3,0.398366895
2103,YZrO3,0.132983196
2239,YZrO3,0.090889104
2264,ZnAuO3,0.782469045
2266,ZnBiO3,0.381067402
2329,ZnBiO3,0.080219206
2265,ZnBO3,1.126016274
2277,ZnCO3,0
2193,ZnCoO3,0.044858059
2233,ZnCoO3,0.067175821
2307,ZnCoO3,0.140589563
2331,ZnCrO3,0.137662732
2024,ZnCuO3,0.603303532
2209,ZnFeO3,0.108606417
2218,ZnFeO3,0.111400768
2295,ZnFeO3,0.155899011
2267,ZnGaO3,0.729867284
2011,ZnGeO3,0.590690156
2016,ZnGeO3,0.107092474
2259,ZnGeO3,0.034688486
2009,ZnIrO3,0.761718734
2332,ZnMoO3,0.083595851
2333,ZnNiO3,0.181680128
2000,ZnOsO3,0.55852081
2019,ZnPbO3,0.018082402
2005,ZnRhO3,0.76635073
2330,ZnSbO3,0.160820716
2150,ZnSeO3,0.06186777
2155,ZnSeO3,0
2004,ZnSiO3,0.578280307
2015,ZnSiO3,0.147812049
2034,ZnSiO3,0.036630917
2170,ZnSiO3,0.05721831
2173,ZnSiO3,0.053606783
2182,ZnSiO3,0.057173606
2007,ZnSnO3,0.712505583
2107,ZnSnO3,0.041167773
2110,ZnSnO3,0.054529699
2287,ZnSnO3,0.082594979
2111,ZnTeO3,0.000917297
2334,ZnWO3,0.161013294
2335,ZnWO3,0.477305122
2269,ZrAlO3,0.517023738
2087,ZrBeO3,0.663535915
2106,ZrBeO3,1.631329791
2089,ZrBO3,1.163684937
2002,ZrCdO3,0.345396299
2227,ZrCoO3,0.082383245
2238,ZrCoO3,0.091775954
2208,ZrCrO3,0.079771783
2003,ZrHgO3,0.348580654
2204,ZrMnO3,0.026882798
2207,ZrMnO3,0.029668769
2088,ZrNiO3,1.164533243
2273,ZrOsO3,1.460159085
2017,ZrPbO3,0.08242469
2132,ZrPbO3,0.032805476
2157,ZrPbO3,0.025671764
2183,ZrPbO3,0.030122912
2222,ZrPbO3,0.034689942
2039,ZrSiO3,1.077047161
2041,ZrTiO3,0.724931975
2040,ZrTlO3,0.236132733
2006,ZrZnO3,0.759047436
